id,scan_id,service_id,status,error_message,completed_at
ca1e9dfa-c728-4b0d-a4a6-bd4ee8e6ceed,37bde478-bf66-49d4-b3be-60e40fda8fcb,vulnerability-service,success,,2026-06-26 01:21:36+00
8748ed09-51ff-46ce-b7af-090b150d8f7d,37bde478-bf66-49d4-b3be-60e40fda8fcb,codequality-service,success,,2026-06-26 01:21:10+00
60f5d0b5-dc7b-460c-afc0-bcc2e40baf3f,36c76f79-fc45-4a60-95b2-c7147acd69fb,vulnerability-service,success,,2026-05-21 10:26:18+00
db6320f7-197a-42a9-b15f-481107109976,36c76f79-fc45-4a60-95b2-c7147acd69fb,codequality-service,success,,2026-05-21 10:26:39+00
66b5cc48-f06e-4c40-ae83-8efc08da31d2,156ce0c9-d952-4b03-a8d2-44e0ad497615,vulnerability-service,timeout,El analisis excedio el tiempo limite de 300 segundos,2026-06-17 22:27:31+00
308a96d7-7c37-4fd1-879c-3fe71cc87259,156ce0c9-d952-4b03-a8d2-44e0ad497615,codequality-service,success,,2026-06-17 22:28:00+00
5370e8ef-ae4a-41c6-a3b1-e343bec8e885,1a8a372a-d38a-414b-bd99-5096ad1501b7,vulnerability-service,success,,2026-06-09 07:11:28+00
5d2b5628-0181-42e1-a1da-7d7fed468a9d,1a8a372a-d38a-414b-bd99-5096ad1501b7,codequality-service,success,,2026-06-09 07:11:37+00
46dc0739-22fd-4984-a851-4f5fa2673534,6c9aa05c-d41b-4109-91ba-07cabfb30525,vulnerability-service,success,,2026-06-14 09:54:01+00
2cede1c2-40a8-47d4-9c27-d3bbd2de813b,6c9aa05c-d41b-4109-91ba-07cabfb30525,codequality-service,success,,2026-06-14 09:54:04+00
6628f32c-22c7-4424-b0fb-77aefc81bfdd,83aeb2b6-4818-4c77-9d0f-53070d7bdf58,vulnerability-service,success,,2026-05-20 23:01:15+00
817288ba-1ef2-4fde-8abe-12e44080f7ac,83aeb2b6-4818-4c77-9d0f-53070d7bdf58,codequality-service,success,,2026-05-20 23:02:07+00
e9cfa1b7-4846-467d-af25-74336b5d466b,7cbd8b2b-3e1d-4891-812b-96a9bbc148e5,vulnerability-service,success,,2026-06-03 16:16:27+00
0fd7704e-5ca1-44aa-b11a-ed25d176334c,7cbd8b2b-3e1d-4891-812b-96a9bbc148e5,codequality-service,success,,2026-06-03 16:15:29+00
35e38ed8-4875-45a3-b3aa-3acbf427fcad,dcdaa869-ef98-4cc1-8ef8-99034ea8cb5c,vulnerability-service,success,,2026-05-31 09:06:27+00
35e7740b-b223-4291-8a30-1dd9b93cdde3,dcdaa869-ef98-4cc1-8ef8-99034ea8cb5c,codequality-service,success,,2026-05-31 09:06:53+00
508ba018-fec1-47d8-8840-e889949fb3dd,cdd8c6d2-4f68-472f-a55e-358bb2b338f7,vulnerability-service,success,,2026-06-16 20:55:04+00
3fa4258f-8289-461c-8a36-775ee4e6547e,cdd8c6d2-4f68-472f-a55e-358bb2b338f7,codequality-service,success,,2026-06-16 20:54:30+00
95acae41-b8c9-4342-9f52-7d7b48ac25b1,817f5eab-98a9-4306-9a38-94ad9c64ef12,vulnerability-service,success,,2026-06-04 19:31:14+00
4acdc41f-3ea0-467e-ac36-ff7e894c35d8,817f5eab-98a9-4306-9a38-94ad9c64ef12,codequality-service,timeout,El analisis excedio el tiempo limite de 300 segundos,2026-06-04 19:29:52+00
ab43214e-beab-40ff-ae0a-eec65ec70589,655ecc58-9245-4a66-8d8c-bc06bb74aa98,vulnerability-service,success,,2026-06-07 12:58:49+00
c38c9cc6-f45c-4ea2-9af4-19dfcb8d7348,655ecc58-9245-4a66-8d8c-bc06bb74aa98,codequality-service,success,,2026-06-07 12:57:57+00
d0a5a33c-8acf-47eb-b3e4-f61b7894caff,d64b4ae4-aeae-465d-9506-6b106120a46d,vulnerability-service,success,,2026-05-13 15:19:41+00
e6426425-eee3-488d-9a8e-edbeef848719,d64b4ae4-aeae-465d-9506-6b106120a46d,codequality-service,success,,2026-05-13 15:18:30+00
5f4fa8e8-c570-45b5-942c-4fa122464aaa,6563e12a-120f-4859-b3fd-43b5b798a1e8,vulnerability-service,success,,2026-05-26 08:36:14+00
31c55264-5abb-48e5-a8bf-39e6ff04a184,6563e12a-120f-4859-b3fd-43b5b798a1e8,codequality-service,success,,2026-05-26 08:35:40+00
4a799c9d-c2ea-4d51-af0c-8c8740662e59,afe4f7de-4f2f-4e3c-855c-fdf4234aff10,vulnerability-service,timeout,El analisis excedio el tiempo limite de 300 segundos,2026-06-09 07:58:52+00
dd7282ed-dab4-41a1-9818-d2d6b5a1ca17,afe4f7de-4f2f-4e3c-855c-fdf4234aff10,codequality-service,success,,2026-06-09 07:58:46+00
4ebacdfc-9d4f-4804-bac6-fc395a20bc9b,723cccff-357d-444c-b713-02bc61ed9b73,vulnerability-service,success,,2026-06-17 09:18:50+00
8d90616d-e992-4811-a669-e64108e08757,723cccff-357d-444c-b713-02bc61ed9b73,codequality-service,success,,2026-06-17 09:18:35+00
f52ef36f-a21d-4f40-983d-466c79d584a1,34cd4e33-b8df-43d3-a418-d5e71d436bfc,vulnerability-service,success,,2026-06-09 13:39:43+00
ab9bf25e-3ed0-45ef-859d-385642c0446a,34cd4e33-b8df-43d3-a418-d5e71d436bfc,codequality-service,success,,2026-06-09 13:39:51+00
0b84c5e2-643d-40cf-aa76-c7bdb2963f11,18187ae1-f413-497a-b31d-7bae026a5489,codequality-service,success,,2026-05-16 07:10:51+00
fa96ad39-f0e8-4779-97f1-3777cfae12e3,fbe13e57-3727-4b76-80cc-cbcb486f7206,vulnerability-service,success,,2026-06-14 07:39:31+00
e109010a-4011-420d-b5e7-c1d8733b58a3,fbe13e57-3727-4b76-80cc-cbcb486f7206,codequality-service,success,,2026-06-14 07:39:41+00
6e9f7e0e-bc54-41d8-ae2b-b9c740ec7934,853388cd-efc1-47f6-8918-13009772ea52,vulnerability-service,success,,2026-05-15 16:41:58+00
baf51a68-5500-4c80-8675-5f5090d1b6e5,853388cd-efc1-47f6-8918-13009772ea52,codequality-service,success,,2026-05-15 16:41:11+00
bb43b68c-c717-4172-8f89-8be54f3937b2,acdee961-3b44-4047-b023-fd78ad7e2c70,vulnerability-service,success,,2026-06-12 00:45:36+00
c9a278ba-a6d7-45f6-b86a-398aef8385d6,acdee961-3b44-4047-b023-fd78ad7e2c70,codequality-service,success,,2026-06-12 00:46:24+00
6c486329-e359-4f00-8877-9c7327ad577c,b3b6bb1b-84b0-4a72-a685-ae1d84c6af9d,vulnerability-service,success,,2026-05-14 10:39:58+00
cb6f4d51-f1c3-4f90-9554-51f2faeadb46,b3b6bb1b-84b0-4a72-a685-ae1d84c6af9d,codequality-service,success,,2026-05-14 10:39:14+00
a0574496-c9f2-4d93-ba8f-b01ff67c2a46,77baa7b8-4578-418e-a358-5359f1a45718,codequality-service,success,,2026-06-12 04:49:02+00
b2a5ef54-596d-491d-aadb-4f01aa805c2f,0df697a8-146d-4701-9bfe-48537548524c,vulnerability-service,success,,2026-06-20 02:34:45+00
8304c480-cada-4ab8-a385-1cdc8e199bca,0df697a8-146d-4701-9bfe-48537548524c,codequality-service,success,,2026-06-20 02:35:09+00
4480b9d0-f097-4b96-a8e0-aa47a4ee3444,b2c456b0-ecd2-468f-995a-fbae9783f81a,vulnerability-service,success,,2026-06-23 12:13:26+00
aa5a6e2c-9581-4517-8227-4d2310074ff0,b2c456b0-ecd2-468f-995a-fbae9783f81a,codequality-service,success,,2026-06-23 12:13:24+00
79985404-b72d-4e31-9a1b-1b8b7dcbfb65,bf9efc04-a016-4aa3-96ba-2f0e9049198f,vulnerability-service,success,,2026-06-11 04:59:37+00
32a19a8b-b899-423e-9528-ce2925d4b1db,bf9efc04-a016-4aa3-96ba-2f0e9049198f,codequality-service,success,,2026-06-11 04:58:38+00
e4c2cd8e-df54-493c-8a90-23731ea84c8c,5db5887e-c6de-428b-b7fd-f5170362e157,vulnerability-service,timeout,El analisis excedio el tiempo limite de 300 segundos,2026-05-25 07:15:40+00
23e27bff-f705-48a1-9cda-a013f4a4fbdb,5db5887e-c6de-428b-b7fd-f5170362e157,codequality-service,success,,2026-05-25 07:15:44+00
658768af-891c-4611-a610-8fd43a713c8d,4b8ea2e1-1a90-4be5-84f9-0561d6885ae0,codequality-service,success,,2026-05-27 01:38:42+00
cd2c5c1d-ccdd-479a-9990-6082184ba63a,bc398eb0-c232-4792-a733-462e0fa5809f,vulnerability-service,success,,2026-05-21 15:43:43+00
baf8b290-81d4-4a6e-9857-c39cffcbe822,bc398eb0-c232-4792-a733-462e0fa5809f,codequality-service,success,,2026-05-21 15:44:01+00
2164dba3-5401-4ca8-84f9-59b028f7d5b4,cb8a32ee-2209-47d8-943d-87558fa2ab76,vulnerability-service,success,,2026-06-08 00:20:48+00
e697ba8a-decf-43cb-8bd1-a7eaa44d4203,cb8a32ee-2209-47d8-943d-87558fa2ab76,codequality-service,success,,2026-06-08 00:21:34+00
dc4ce502-d78e-4702-af9e-887202c4cd08,b10e5a60-0666-4e71-8b6a-99411980ecbe,vulnerability-service,failed,Excepcion no controlada durante el analisis estatico,2026-05-26 20:04:30+00
26247752-b197-42f1-b3bb-4b8819bb3f2a,b10e5a60-0666-4e71-8b6a-99411980ecbe,codequality-service,success,,2026-05-26 20:04:38+00
5dd6f768-8502-48ae-a7e0-bfdf10365bd2,83164838-652e-4c7a-9a96-24835043ebf8,vulnerability-service,success,,2026-05-19 00:53:17+00
c4919465-6fb3-4656-a19e-5b3adeeddd11,83164838-652e-4c7a-9a96-24835043ebf8,codequality-service,success,,2026-05-19 00:53:43+00
01871cc7-1414-406d-b7b2-458b5f15218e,d722fa53-fc28-414a-9bbe-a2139acca298,vulnerability-service,success,,2026-05-28 15:25:23+00
caa18bdc-5a9a-4815-bad7-6c9b94014b3a,d722fa53-fc28-414a-9bbe-a2139acca298,codequality-service,success,,2026-05-28 15:25:47+00
13b581cd-c9c1-4036-8236-4ca455a05bd8,31f8632e-ab4f-40e9-a892-56e80d275f40,vulnerability-service,success,,2026-06-12 23:41:09+00
a7c1a147-ad0e-4891-8cda-c1b9b0528d25,31f8632e-ab4f-40e9-a892-56e80d275f40,codequality-service,success,,2026-06-12 23:40:57+00
7a841f39-658b-465f-8f0e-35652b9e929e,755be1a3-f95f-4d60-a47a-b9dc6d39f5a6,vulnerability-service,success,,2026-06-16 05:28:40+00
0d6b36b0-832d-4143-a542-64c90c132283,755be1a3-f95f-4d60-a47a-b9dc6d39f5a6,codequality-service,success,,2026-06-16 05:29:05+00
1c959907-d5f0-4262-9da1-3048547c11d5,41016b30-53f2-4010-a2b5-ae58f40a48fa,vulnerability-service,success,,2026-06-13 11:12:12+00
7e974071-4291-4c64-a10e-849903e0f178,41016b30-53f2-4010-a2b5-ae58f40a48fa,codequality-service,timeout,El analisis excedio el tiempo limite de 300 segundos,2026-06-13 11:12:17+00
b70ce963-277c-4205-8510-a0c2eaf01441,4b22a154-14ca-4f1d-b2ba-91a9388820bf,vulnerability-service,success,,2026-05-29 07:57:32+00
0489abea-1492-408f-a4f4-7042f48b434c,4b22a154-14ca-4f1d-b2ba-91a9388820bf,codequality-service,success,,2026-05-29 07:57:47+00
d2694b80-aac7-411c-b997-848787ca41d2,f8f4a1a3-6b00-43e3-ad62-5a7b127c7e8f,codequality-service,success,,2026-06-19 15:30:04+00
dc2f8e92-a86c-48ba-8f0e-22d654479ae1,fcded6f9-cc7c-40de-9e36-061d3c2c4ad5,vulnerability-service,success,,2026-05-26 04:10:20+00
29e97757-57bb-4a2e-9df1-f154df9b3d02,fcded6f9-cc7c-40de-9e36-061d3c2c4ad5,codequality-service,success,,2026-05-26 04:10:07+00
6401a2dc-37c7-4e81-bdc7-c14bf3b3d25b,e0361580-243c-4244-a831-3586e1fcda50,vulnerability-service,success,,2026-05-21 21:53:59+00
bb1df1e8-9acd-43e2-9a25-d3bd6dc6a67b,e0361580-243c-4244-a831-3586e1fcda50,codequality-service,success,,2026-05-21 21:54:18+00
803aed71-e20c-42a4-8f83-07426c2c7531,3a586094-7663-4068-b7d5-e568d8cc1ea9,vulnerability-service,success,,2026-06-05 19:17:28+00
3cc7828a-a40b-4df3-a7c8-4c8a0b1975d4,3a586094-7663-4068-b7d5-e568d8cc1ea9,codequality-service,success,,2026-06-05 19:17:49+00
eb316846-7dec-41bb-adeb-880f1ef4eafa,48033c7e-19ef-49ed-bd0b-2cc343e84a01,vulnerability-service,success,,2026-06-24 15:22:09+00
2741d5a1-8a34-4ba8-92e2-d45319b7dbcf,48033c7e-19ef-49ed-bd0b-2cc343e84a01,codequality-service,success,,2026-06-24 15:22:01+00
d260b60a-54df-43f7-82c4-7ef1c4818826,7e5a567e-4816-47a3-b855-843a9905e040,vulnerability-service,success,,2026-05-28 17:06:21+00
5465c365-063b-4ddf-aa12-64f22a82c181,7e5a567e-4816-47a3-b855-843a9905e040,codequality-service,success,,2026-05-28 17:06:26+00
29b8c6f2-2463-4d62-aa98-3595ef25b312,3e44947d-8bed-42de-ace5-2f6c514778d6,vulnerability-service,success,,2026-06-02 13:38:33+00
2bba8cb7-fbac-4615-84c0-51a817d8865f,3e44947d-8bed-42de-ace5-2f6c514778d6,codequality-service,success,,2026-06-02 13:38:21+00
e39e8449-0342-42a9-adff-948eba29a18e,dfa01c44-0e02-4ba7-9702-83d420f8301d,vulnerability-service,success,,2026-05-23 00:35:56+00
65b1a3bd-4913-4c77-8d44-b97951a46ef6,dfa01c44-0e02-4ba7-9702-83d420f8301d,codequality-service,success,,2026-05-23 00:36:07+00
42e7817c-32f4-4f26-b69f-562b60719793,fbc255f2-63df-46ee-9042-e30e2b84bec9,vulnerability-service,success,,2026-05-13 22:15:24+00
2005323f-cf49-41a6-8315-b3b1a66dc3f2,fbc255f2-63df-46ee-9042-e30e2b84bec9,codequality-service,success,,2026-05-13 22:16:23+00
6d54a002-4c7d-498a-890d-33da2f0439a3,c8889960-8152-406d-aedd-705ce8bf70bd,vulnerability-service,success,,2026-05-23 09:08:57+00
fab3cb65-6f6f-4cd8-80fc-03bd40144b49,b4fc442c-01c0-4946-8360-6530253df871,vulnerability-service,success,,2026-05-19 14:56:26+00
7e47bc3b-b17e-49ca-9f57-291fa44272e8,b4fc442c-01c0-4946-8360-6530253df871,codequality-service,success,,2026-05-19 14:56:22+00
59fa8b58-05e9-47dc-8f07-cbfe00a1414a,6684d800-cc51-42bf-9038-806ffb067fe6,vulnerability-service,success,,2026-06-14 21:01:20+00
325451dc-bba3-4856-b219-90f447476d95,6684d800-cc51-42bf-9038-806ffb067fe6,codequality-service,timeout,El analisis excedio el tiempo limite de 300 segundos,2026-06-14 21:01:14+00
4522b7bf-672a-4a9d-b8d9-cb5c4e26da08,4a1f97b9-d1e8-4ece-977b-8b2c3067a838,vulnerability-service,success,,2026-06-15 03:07:16+00
a479efa6-c6e0-4bd4-b74c-c27e7ea42603,4a1f97b9-d1e8-4ece-977b-8b2c3067a838,codequality-service,success,,2026-06-15 03:07:48+00
f128dcd3-2445-48da-acac-a1a8a8b5fc91,fba2b2b0-ea3d-43d2-a5ae-9a99cf19977f,vulnerability-service,success,,2026-05-27 08:46:03+00
2cfdc41a-32ef-4b15-9445-7e86dbc03862,fba2b2b0-ea3d-43d2-a5ae-9a99cf19977f,codequality-service,success,,2026-05-27 08:46:48+00
d819560e-1730-48aa-b622-9a7f36b55687,4c871941-95a5-4773-937f-975ac17c3f63,vulnerability-service,failed,Excepcion no controlada durante el analisis estatico,2026-05-16 00:24:00+00
1557f926-8c2b-4939-8fc8-2823732e1f30,4c871941-95a5-4773-937f-975ac17c3f63,codequality-service,failed,Excepcion no controlada durante el analisis estatico,2026-05-16 00:23:56+00
cee4aabc-998e-48a0-801d-2f60f2932328,119779fe-e213-4203-976b-f53de1cdcd6c,vulnerability-service,success,,2026-06-14 10:23:19+00
315e9c46-2255-496e-8942-d674b83ce3fa,119779fe-e213-4203-976b-f53de1cdcd6c,codequality-service,success,,2026-06-14 10:22:25+00
0a6a1bab-3584-4633-a930-0bc96531604e,86f50f82-37e2-480e-b345-37f7f35fe0a6,vulnerability-service,success,,2026-06-03 08:32:39+00
10df8986-4d55-4a0e-afc9-2dd3fcf6480d,86f50f82-37e2-480e-b345-37f7f35fe0a6,codequality-service,success,,2026-06-03 08:32:07+00
e4e2fc57-4235-405c-8185-52b1e565c0c1,f17520b7-dc4c-4e95-9969-0b3af58f5d6a,codequality-service,success,,2026-05-24 23:37:58+00
bd649252-1e1d-4591-9b54-60e93d09b834,098b096c-dd78-4e1a-b831-01339b05c84f,vulnerability-service,success,,2026-05-27 02:51:01+00
9c7c02cb-3e48-4643-a868-3f1886eed567,098b096c-dd78-4e1a-b831-01339b05c84f,codequality-service,success,,2026-05-27 02:50:05+00
bf0241ed-4393-484f-97b6-f7e7dedc2329,740a469e-1615-4da7-8317-ff08358d5864,vulnerability-service,success,,2026-06-21 22:24:46+00
af087467-c92b-4507-9dde-aba7cba9dbff,740a469e-1615-4da7-8317-ff08358d5864,codequality-service,success,,2026-06-21 22:24:36+00
915b07eb-47a7-47b8-bf26-52b55d7b7681,c4c31f52-189e-4ce5-8c7a-ad9b07a77991,vulnerability-service,success,,2026-05-29 10:48:05+00
75150dc9-3235-486a-aaa4-8e192f6a788b,c4c31f52-189e-4ce5-8c7a-ad9b07a77991,codequality-service,success,,2026-05-29 10:48:14+00
05139d4d-48a4-486a-9450-2e13e211e4da,e5c11a33-b268-45d3-8f5a-38a6afbbe1ff,vulnerability-service,success,,2026-05-27 23:07:30+00
3ee0833b-8ee2-4976-a5ec-4f736d89af80,e5c11a33-b268-45d3-8f5a-38a6afbbe1ff,codequality-service,success,,2026-05-27 23:06:40+00
14de322c-50f2-4931-9dac-f265d364e408,c7758fe9-22be-4cc9-a11f-aeb060872a88,vulnerability-service,success,,2026-05-15 15:54:42+00
a6554311-c853-4795-a99f-5e339e5385c3,c7758fe9-22be-4cc9-a11f-aeb060872a88,codequality-service,success,,2026-05-15 15:53:55+00
0adbd260-3478-4789-b4c2-f1bceee71141,37a3241c-c20f-4ca9-b5cc-39e2b3887005,vulnerability-service,success,,2026-05-22 09:42:55+00
40c5d394-c7bf-488e-8c8e-6075fb92abb9,37a3241c-c20f-4ca9-b5cc-39e2b3887005,codequality-service,success,,2026-05-22 09:43:24+00
d1466aa4-b349-4aad-8207-00b8427f1530,bc4ddd24-8831-449e-bcad-fe78db886a60,vulnerability-service,failed,Excepcion no controlada durante el analisis estatico,2026-06-21 16:40:04+00
f0ad1e4e-fd90-422a-b417-3bd61bc873c9,bc4ddd24-8831-449e-bcad-fe78db886a60,codequality-service,success,,2026-06-21 16:38:54+00
12558757-a1da-4f09-8818-d97e9f2f305f,9ed55021-cb0b-44f5-abee-2d59953a86e7,vulnerability-service,success,,2026-06-25 18:47:12+00
acc0bf5d-ec07-4feb-9f34-6a3c1ef77695,9ed55021-cb0b-44f5-abee-2d59953a86e7,codequality-service,success,,2026-06-25 18:47:05+00
0855d3b2-1d27-4066-ac2f-092858009b08,2564c50c-9171-483a-a5fe-6943413aff27,vulnerability-service,success,,2026-06-03 16:39:19+00
d2069685-10cd-4137-8268-fcf1256d7aed,2564c50c-9171-483a-a5fe-6943413aff27,codequality-service,success,,2026-06-03 16:39:20+00
d03b92b5-2ef9-428b-b368-7360390caed2,879b2259-3b14-40e9-96d8-333ab2ddc1b7,vulnerability-service,success,,2026-06-03 03:01:05+00
ca60e443-b4eb-4817-ac7e-d4ff7fbf018b,879b2259-3b14-40e9-96d8-333ab2ddc1b7,codequality-service,success,,2026-06-03 03:00:05+00
134feb3c-69eb-4d71-968a-8cb5d9ed735c,11918d1f-0cd1-4ad7-bded-47f6ae693922,vulnerability-service,success,,2026-06-07 19:57:19+00
eadddb99-ea64-4386-ae0d-64e267adb633,11918d1f-0cd1-4ad7-bded-47f6ae693922,codequality-service,success,,2026-06-07 19:56:20+00
fcc26ddf-be67-4542-817d-155687bdd42d,08f565cd-b01b-4e3b-a83b-0dda70646da4,vulnerability-service,success,,2026-06-04 17:57:59+00
856320c3-a3c9-454f-87e5-57e81c76cb95,08f565cd-b01b-4e3b-a83b-0dda70646da4,codequality-service,success,,2026-06-04 17:58:11+00
981196d4-6bde-4be8-ac77-b53707f8227e,2e35afd6-9ec0-4e2a-8e18-1e0705fa5461,vulnerability-service,success,,2026-05-17 21:30:34+00
bd1757da-8e60-4855-a665-204d33dd159b,2e35afd6-9ec0-4e2a-8e18-1e0705fa5461,codequality-service,success,,2026-05-17 21:31:17+00
ab499271-a4fe-4e3d-a9c7-12f07da47a65,6f607128-7e63-4c14-ab9e-eccfbb26986f,vulnerability-service,success,,2026-06-19 13:33:44+00
f7449061-4d46-490c-be28-ec25c78b99ec,6f607128-7e63-4c14-ab9e-eccfbb26986f,codequality-service,success,,2026-06-19 13:33:52+00
5f47fb54-1809-45d3-a5ad-8272a94d1e5e,c73374a4-bb3e-4afd-9b00-42e4ed0aa941,vulnerability-service,success,,2026-06-09 16:55:34+00
8ee6c54c-24c2-4b88-907b-049dcc4335f2,c73374a4-bb3e-4afd-9b00-42e4ed0aa941,codequality-service,success,,2026-06-09 16:55:29+00
55867063-55c3-41fe-bebb-686e26ddfe26,ad9bf12b-8f72-4484-ad30-3729439da57f,vulnerability-service,success,,2026-05-15 08:56:01+00
19fcb4f3-d95f-4851-9892-abca9ce8936e,ad9bf12b-8f72-4484-ad30-3729439da57f,codequality-service,success,,2026-05-15 08:55:38+00
d820c5d2-dde5-4a49-b118-e49550c6de04,72483206-c53b-48a8-886b-66683d977657,vulnerability-service,success,,2026-05-25 10:28:31+00
9eeb6b09-96f1-41cf-853f-d0d456530fb0,72483206-c53b-48a8-886b-66683d977657,codequality-service,success,,2026-05-25 10:29:18+00
6647aecc-5c9b-4970-88db-73a2faaf175c,2ab1524a-caef-45fd-aa66-42f83937c43a,vulnerability-service,success,,2026-05-27 03:26:57+00
82f1fdcb-aa76-4ca6-a8c7-568f7c59f676,2ab1524a-caef-45fd-aa66-42f83937c43a,codequality-service,success,,2026-05-27 03:27:52+00
e819d641-8808-4ca2-a821-a48e0251cf98,3ac67731-1fde-4644-ba9e-9787a4b9eb78,vulnerability-service,success,,2026-05-14 01:40:01+00
a64c3ccc-1fc3-41c0-aa08-5fe77aaac66b,3ac67731-1fde-4644-ba9e-9787a4b9eb78,codequality-service,timeout,El analisis excedio el tiempo limite de 300 segundos,2026-05-14 01:39:59+00
9be80f6f-8da3-4947-8f66-dbff1bacbcbf,c852c124-b5c4-4184-a687-faf50c6442eb,vulnerability-service,success,,2026-06-22 11:04:01+00
35042301-911e-4b7c-8bb9-10965cfa5724,c852c124-b5c4-4184-a687-faf50c6442eb,codequality-service,success,,2026-06-22 11:04:01+00
1a297140-d02b-4ece-a2ba-3daf549097f2,e5020526-6e7a-4466-94d0-8dc6a1ecc17d,vulnerability-service,success,,2026-05-14 07:05:07+00
2594ceea-ac76-42c4-aee6-2a66a36f8f5b,e5020526-6e7a-4466-94d0-8dc6a1ecc17d,codequality-service,success,,2026-05-14 07:04:39+00
6c64f24c-67a9-40be-9b59-e6cb41787088,f53ad8f8-5748-4629-9782-917d1d239a54,vulnerability-service,success,,2026-06-15 12:36:43+00
c049ab35-508c-4161-9eb2-7855ce62b14c,f53ad8f8-5748-4629-9782-917d1d239a54,codequality-service,success,,2026-06-15 12:36:03+00
55bea671-7ef9-4145-bdbe-5c1cc79ad2b5,29c9f70a-0f77-4f77-8f64-9b7c2a8f2aa3,vulnerability-service,success,,2026-06-15 13:35:42+00
b5a6d610-026f-4343-9704-6f05810e089c,29c9f70a-0f77-4f77-8f64-9b7c2a8f2aa3,codequality-service,success,,2026-06-15 13:34:38+00
ab0b1fd9-4bb3-4d57-b728-eeebba118dbe,5a57ab19-98e9-4e9f-9309-21cfb46cc896,vulnerability-service,success,,2026-06-11 22:49:19+00
203e20a7-9b73-4811-84de-02bd80d3732b,5a57ab19-98e9-4e9f-9309-21cfb46cc896,codequality-service,success,,2026-06-11 22:48:03+00
de3976ac-1c6d-426d-8213-1f4d7a997d09,972c1ab4-92b0-443e-aa70-b145611070ef,vulnerability-service,success,,2026-06-14 00:10:52+00
7a3b8ab3-3e3e-48f1-b3a2-5183d435f268,972c1ab4-92b0-443e-aa70-b145611070ef,codequality-service,success,,2026-06-14 00:11:10+00
681d4f76-8d68-4089-b81e-1ed147609cf5,b2180943-42b6-450f-92a6-3e40246d966d,vulnerability-service,success,,2026-06-05 14:59:24+00
de260f23-6d9f-4170-b865-aadcef983b37,b2180943-42b6-450f-92a6-3e40246d966d,codequality-service,success,,2026-06-05 14:58:23+00
d044563d-f6a1-42c7-9470-e863dbbf2a0c,6c622a4e-9545-454b-a8ee-88423c71419f,vulnerability-service,success,,2026-06-09 11:40:46+00
e3515be5-04da-44d8-b353-d45530e4abc3,6c622a4e-9545-454b-a8ee-88423c71419f,codequality-service,success,,2026-06-09 11:40:10+00
5057acc1-b540-4c28-ba89-3f68da935330,88dd06af-7f5b-4896-90f4-2d697699f3f1,vulnerability-service,success,,2026-06-03 01:04:06+00
353557e7-3b52-40ed-8e2d-76d3367cad1e,88dd06af-7f5b-4896-90f4-2d697699f3f1,codequality-service,success,,2026-06-03 01:03:45+00
f5aa376d-dbbe-4ebc-9bb6-7371e0ceac24,717f0a53-fd3e-4df2-8875-3b5bc99d2c51,vulnerability-service,success,,2026-06-23 00:13:05+00
ec73aa1d-2523-4ab9-8937-aca90da0a5a7,717f0a53-fd3e-4df2-8875-3b5bc99d2c51,codequality-service,success,,2026-06-23 00:12:44+00
53839b23-7654-4e0a-ba64-07ff3f9848d6,cd8c0291-0820-4c92-856c-7119c1a83b25,vulnerability-service,success,,2026-06-09 18:02:42+00
2a44bee9-168c-4d18-8301-899fafe0af3b,cd8c0291-0820-4c92-856c-7119c1a83b25,codequality-service,timeout,El analisis excedio el tiempo limite de 300 segundos,2026-06-09 18:02:53+00
205a8119-2a35-496e-a695-4e4a920b9444,9d126fbf-d4e0-4793-a17e-dbf60438cd58,vulnerability-service,success,,2026-05-18 07:13:53+00
9d73089a-2536-4234-b8db-4bb374699378,9d126fbf-d4e0-4793-a17e-dbf60438cd58,codequality-service,success,,2026-05-18 07:12:59+00
21d85025-f5e1-489c-8967-1ae1a65c101a,e9265d30-a990-413d-98b2-628f1c0883f7,vulnerability-service,success,,2026-05-17 21:51:23+00
80383e6c-a3bb-4869-b507-60181ed4843a,e9265d30-a990-413d-98b2-628f1c0883f7,codequality-service,success,,2026-05-17 21:51:32+00
52a45d29-6efe-4a74-850b-187035c71269,7d5b392d-f372-4988-8f6d-38456bf403b4,vulnerability-service,success,,2026-05-26 07:01:54+00
a62c8fcb-b71c-44fd-b057-f55b31045e58,7d5b392d-f372-4988-8f6d-38456bf403b4,codequality-service,success,,2026-05-26 07:00:48+00
110ebd56-eee7-4ef4-a35b-38315376bdd4,68a7cf40-fc19-4701-bc27-aabb6ee37e50,vulnerability-service,success,,2026-06-03 18:17:57+00
e1817f8e-67b9-420d-a486-7e115a0e195c,68a7cf40-fc19-4701-bc27-aabb6ee37e50,codequality-service,success,,2026-06-03 18:17:37+00
8ea9eb06-a0ff-4b83-8306-057b9bfa4411,4dc0a525-290f-4597-b2fc-d70039902de4,vulnerability-service,success,,2026-06-15 05:14:22+00
6112033f-9db6-4dfd-99f0-bc67b5bc3d38,4dc0a525-290f-4597-b2fc-d70039902de4,codequality-service,success,,2026-06-15 05:14:08+00
11ffbf9a-5c54-4e7d-8d50-706557b3cc2a,eb63f58f-ca57-47c0-a68a-2798c7018f92,vulnerability-service,success,,2026-05-29 06:20:42+00
cc36e57f-9064-4c12-b040-b629a3ea316a,eb63f58f-ca57-47c0-a68a-2798c7018f92,codequality-service,success,,2026-05-29 06:21:29+00
4e4e18d2-5a93-44c8-b168-325f2b9ed34f,474b8ffc-02e1-45bd-a4cc-23f5e9952232,vulnerability-service,success,,2026-05-18 04:55:47+00
f37fe5ca-ebf8-4baa-95f3-6c590f77f4b8,474b8ffc-02e1-45bd-a4cc-23f5e9952232,codequality-service,success,,2026-05-18 04:55:22+00
f2130a0a-dea6-4646-892d-5c54061cd0da,8d5a0d7e-044a-43f8-b181-c7d198a0bfff,vulnerability-service,success,,2026-06-07 18:49:56+00
d4884c71-f7f2-460c-af9d-c96f6ecf5a7b,8d5a0d7e-044a-43f8-b181-c7d198a0bfff,codequality-service,success,,2026-06-07 18:50:29+00
8f2ff93f-ce13-4ac5-86f5-578124bda2b7,b8cd6274-63c8-4cd5-8154-1a225bbf6703,vulnerability-service,success,,2026-05-15 22:25:57+00
9ceb03ca-a679-41e3-b3d6-97950c746813,b8cd6274-63c8-4cd5-8154-1a225bbf6703,codequality-service,success,,2026-05-15 22:26:45+00
555d8ace-3003-44b7-8155-c2afcb54af13,33d737c2-137a-4925-b60b-bea6c95f3368,vulnerability-service,success,,2026-06-02 21:48:56+00
e43cbc29-879f-48bf-be2b-8b9d8e06678e,33d737c2-137a-4925-b60b-bea6c95f3368,codequality-service,failed,Timeout interno al escanear dependencias,2026-06-02 21:49:43+00
e01170e3-e0d3-4aba-a22c-5727d67a5d31,3a309352-be5c-4c49-a2c0-068c046ddc54,vulnerability-service,success,,2026-05-20 20:02:15+00
e76fe83a-1331-47b4-9d90-cdc898481d45,3a309352-be5c-4c49-a2c0-068c046ddc54,codequality-service,success,,2026-05-20 20:02:07+00
3d4c098d-1698-4fef-bc68-f6677c39ee40,d1eeed2f-134a-4f91-8d9e-bc99d23c97ac,vulnerability-service,success,,2026-06-14 02:35:48+00
4f6a7480-6974-4620-b7bf-801bee9e9472,d1eeed2f-134a-4f91-8d9e-bc99d23c97ac,codequality-service,success,,2026-06-14 02:36:28+00
d2397d12-327b-45db-9b55-c00087959513,e93fa5be-d94f-435c-92fe-507f861561f1,vulnerability-service,success,,2026-05-26 16:33:47+00
912f72e5-b23c-420c-9ebe-822d8f7ab310,e93fa5be-d94f-435c-92fe-507f861561f1,codequality-service,success,,2026-05-26 16:34:02+00
e7398b7d-66aa-401f-87cd-8265a448b4a4,8470e334-eb96-4cf8-a049-47cf4b3ac60c,vulnerability-service,success,,2026-05-30 16:46:30+00
4656d814-8504-4085-a8c4-e503abc55445,8470e334-eb96-4cf8-a049-47cf4b3ac60c,codequality-service,success,,2026-05-30 16:46:53+00
c1de710a-c9f6-4e0e-8cbc-a9846b1f98ed,e6f76a8c-8933-4179-aadc-54adf7ef7c78,vulnerability-service,success,,2026-05-25 18:45:57+00
2b27c3b6-7ab4-4cfd-a1bd-33880809f011,e6f76a8c-8933-4179-aadc-54adf7ef7c78,codequality-service,success,,2026-05-25 18:45:07+00
bd75c443-a79e-4f7d-a97b-602e727dd17a,e6b47058-ffb9-4515-ba41-01f5e8928871,vulnerability-service,success,,2026-06-12 09:02:58+00
fa6bd518-3db1-4ce6-8864-2a1c002352c6,e6b47058-ffb9-4515-ba41-01f5e8928871,codequality-service,success,,2026-06-12 09:03:07+00
74d71136-ea88-42aa-b91b-d417fa02f83a,66984ca2-d6ac-4c8b-8691-81cc29dde4d6,vulnerability-service,success,,2026-05-13 17:51:12+00
ff6e71cd-69d8-4e69-9efe-ed7bf361ae7b,66984ca2-d6ac-4c8b-8691-81cc29dde4d6,codequality-service,success,,2026-05-13 17:51:17+00
16f21af9-91fa-4923-879e-87cc98d351cc,ae279464-e881-452e-89a9-ae0ba2238021,vulnerability-service,success,,2026-05-23 03:48:07+00
b754fd62-bf4c-405c-bb3a-f24d44807b7d,ae279464-e881-452e-89a9-ae0ba2238021,codequality-service,success,,2026-05-23 03:48:07+00
bed3887e-bbd4-4003-bb40-baac38ff0fc3,4355759c-3163-4ccd-84df-f982a94d5976,vulnerability-service,success,,2026-06-07 10:08:43+00
03c79ac6-b775-4acb-a231-ffa66c44478f,4355759c-3163-4ccd-84df-f982a94d5976,codequality-service,success,,2026-06-07 10:09:02+00
1a4c3b8e-1914-48e2-86e8-8e45985fe331,7dd30b68-d0ea-4c51-ba1f-5e3dfb14aff0,vulnerability-service,success,,2026-05-17 17:52:07+00
b0605b8c-c90e-4b5c-b20a-4832b5aed1ad,7dd30b68-d0ea-4c51-ba1f-5e3dfb14aff0,codequality-service,success,,2026-05-17 17:51:51+00
355ac732-aad9-4021-939f-070284395fbe,a00a7114-7b6b-4c41-9e52-e66f530cf84d,vulnerability-service,success,,2026-06-05 14:21:00+00
1c57ba16-cdec-4fc5-8a85-7d66205b8861,a00a7114-7b6b-4c41-9e52-e66f530cf84d,codequality-service,success,,2026-06-05 14:21:14+00
c88f7676-4c3d-43bf-9106-150c8574b89f,ec03f57d-7a4c-4ab7-955a-00663118dcb5,vulnerability-service,success,,2026-05-26 05:18:02+00
feb764af-e75e-4b41-a9c1-8a1bd8e7d619,ec1f0d3d-bd55-4a0b-a956-12beac222ef0,vulnerability-service,success,,2026-05-25 16:20:40+00
f392519d-2e7e-450e-a426-923e249cf892,ec1f0d3d-bd55-4a0b-a956-12beac222ef0,codequality-service,success,,2026-05-25 16:20:25+00
f4044016-e83c-4301-b0c5-917314dde761,a8b579eb-bb67-43af-9c94-ac246f4203fd,vulnerability-service,success,,2026-06-08 09:56:17+00
957694c0-2dbf-4a85-a153-1b8e7a051382,a8b579eb-bb67-43af-9c94-ac246f4203fd,codequality-service,success,,2026-06-08 09:57:10+00
2752a882-8e02-468e-a863-f05573d148bd,fafb2407-e29a-4150-ba7b-a8a16b265085,vulnerability-service,success,,2026-06-18 03:17:04+00
7728cdee-16a9-474c-b1b1-27bcd44aad0d,fafb2407-e29a-4150-ba7b-a8a16b265085,codequality-service,success,,2026-06-18 03:17:25+00
17d6c903-f0db-470c-92af-f1a5af017f3b,06605d32-9f28-4075-b0af-e8807eea362c,vulnerability-service,success,,2026-05-26 18:41:50+00
d0bb111b-df34-4f05-9a7d-135661e39a49,06605d32-9f28-4075-b0af-e8807eea362c,codequality-service,success,,2026-05-26 18:41:49+00
edc8824a-b1d8-471c-8f5d-5c31cb931285,a0d97d10-aefc-4542-a2aa-768f3bb45ecd,vulnerability-service,success,,2026-05-27 02:52:41+00
dea90d27-8994-4e6b-a896-b2cb29074c18,a0d97d10-aefc-4542-a2aa-768f3bb45ecd,codequality-service,success,,2026-05-27 02:52:36+00
ba879661-1be0-48be-850a-dfd3815fce81,179aa32d-de47-4a61-b502-03ed05db6f95,codequality-service,success,,2026-05-25 21:41:02+00
473a8df2-2454-482c-94c7-34fda347dc94,0a71db9c-2602-4072-9bd0-d4f6a23665f1,codequality-service,success,,2026-06-15 00:24:51+00
c73777c4-1453-457f-b03d-ab35bde03882,64340720-3c3a-4fb9-8c85-b7530e69093d,codequality-service,success,,2026-05-26 12:50:04+00
3ab7d7b4-e449-4732-8872-e5d3753a979e,597a11da-e881-4ab7-aa24-e348ca9a3b7e,vulnerability-service,success,,2026-05-16 14:53:39+00
9593df3f-54e7-4c97-b7fe-fcc2dcc137b0,597a11da-e881-4ab7-aa24-e348ca9a3b7e,codequality-service,success,,2026-05-16 14:53:36+00
d4afd812-fa85-4b8e-9755-df900fcc04f5,2843b81f-8bf2-43a1-b31a-9a29237debfd,vulnerability-service,success,,2026-05-14 17:57:38+00
690da679-eaed-49a4-9270-6eca967f2077,2843b81f-8bf2-43a1-b31a-9a29237debfd,codequality-service,success,,2026-05-14 17:57:03+00
49dec480-a991-4a13-88c3-a6e1f1b7b0c2,64a18de1-aa02-4697-b24b-1cf02d79209a,vulnerability-service,success,,2026-05-29 08:33:18+00
f5a62b2c-dbd8-41c1-a039-61312dc56459,64a18de1-aa02-4697-b24b-1cf02d79209a,codequality-service,success,,2026-05-29 08:33:23+00
0fac63c6-9727-489a-8731-9ee305d75799,326b738b-4c27-461d-a057-ee3aa9b7d3df,vulnerability-service,success,,2026-06-23 16:50:10+00
fa90a2ba-44c0-4840-9270-7a3ab8a34c07,326b738b-4c27-461d-a057-ee3aa9b7d3df,codequality-service,success,,2026-06-23 16:50:44+00
65e521e7-afd8-4b8b-9cbc-90efd326c5cf,6a3c6464-8fc4-4ef7-9377-5cbebaa0d6dd,vulnerability-service,success,,2026-06-18 04:10:44+00
1c07bf95-c95e-4533-befc-58f699c281f9,6a3c6464-8fc4-4ef7-9377-5cbebaa0d6dd,codequality-service,success,,2026-06-18 04:11:21+00
1258f69a-dd94-45e9-ad5c-51fe8a7de691,2d9fb6d1-44b9-437e-97e3-1946a898f597,vulnerability-service,success,,2026-06-12 15:39:04+00
ccd3b640-0e65-4d82-9850-0d4619480407,2d9fb6d1-44b9-437e-97e3-1946a898f597,codequality-service,success,,2026-06-12 15:38:56+00
43ef2e11-873d-47e2-a3d8-e09ced2f1754,4bae0b6c-6fc1-4933-8021-2aff1c18d2fe,vulnerability-service,success,,2026-05-19 05:40:46+00
b6fb401a-b040-4fbb-94a1-6d56226325d1,4bae0b6c-6fc1-4933-8021-2aff1c18d2fe,codequality-service,failed,Timeout interno al escanear dependencias,2026-05-19 05:41:01+00
7bd44ced-e554-4158-8448-8b28aa2d1ecc,e5882840-28f7-4ad6-a564-3b4a319c4d97,vulnerability-service,success,,2026-06-03 10:25:44+00
1a4848d9-a654-4e54-a10e-01a4b1ec7017,e5882840-28f7-4ad6-a564-3b4a319c4d97,codequality-service,success,,2026-06-03 10:26:39+00
24a34b50-894d-4675-91e5-003c8358e842,8a859a90-e2d3-4f17-8fdc-9131d6089065,vulnerability-service,success,,2026-06-25 23:07:28+00
324a534b-16d4-49c6-b4c6-1dde01b106ed,8a859a90-e2d3-4f17-8fdc-9131d6089065,codequality-service,success,,2026-06-25 23:08:43+00
d9e6cb34-7440-42c6-930e-e3f80b404e69,2e3730f7-5e0f-418b-b8dd-c1bf4524a9b2,vulnerability-service,success,,2026-05-26 20:42:23+00
3d1e0406-a1c5-4baf-94d8-0620315e9514,2e3730f7-5e0f-418b-b8dd-c1bf4524a9b2,codequality-service,success,,2026-05-26 20:41:11+00
008d0337-1a46-4f57-828e-db71ddd3f64d,f7005c87-2760-462c-bca5-93f0aaad0617,vulnerability-service,success,,2026-06-07 01:50:25+00
a7b80e9c-a8b4-4d45-bf64-dfe109b50fdc,f7005c87-2760-462c-bca5-93f0aaad0617,codequality-service,success,,2026-06-07 01:50:43+00
98478ace-69a2-4f0b-b744-de54b551bb9f,afa66f93-b0c5-413b-bfdb-3f22735ba6c2,vulnerability-service,success,,2026-06-05 23:58:59+00
8ed2f0d9-98d0-4832-94ab-920be5fb95af,afa66f93-b0c5-413b-bfdb-3f22735ba6c2,codequality-service,success,,2026-06-05 23:58:58+00
1caccdc6-6437-429e-b3f7-a68c01394c63,5335b5c5-db1e-4f6a-b22e-a421d859db24,vulnerability-service,success,,2026-06-16 00:22:13+00
50178fd6-4fe2-4427-8777-2e0543a797e1,5335b5c5-db1e-4f6a-b22e-a421d859db24,codequality-service,success,,2026-06-16 00:21:49+00
ea3ccc52-f612-4774-b72b-a3b0395a95a8,64c8915d-37c0-43fc-b3e5-c3e7d2c76df3,vulnerability-service,success,,2026-06-16 20:14:12+00
b58881ba-fba0-40e7-a796-b3ea0ed0add4,64c8915d-37c0-43fc-b3e5-c3e7d2c76df3,codequality-service,success,,2026-06-16 20:13:10+00
7ffc1801-807e-4972-b034-4fa47c3e95da,93f0934d-28bd-4d5c-a3c8-ed2c3ea2f9be,vulnerability-service,success,,2026-05-28 07:13:23+00
43d1219d-15e4-4a14-a4c1-687937539184,93f0934d-28bd-4d5c-a3c8-ed2c3ea2f9be,codequality-service,success,,2026-05-28 07:13:27+00
caa10ea1-5965-485e-9217-954da1adfd2e,d7cf53f5-86b9-41b9-9dae-e470291a9bdf,vulnerability-service,success,,2026-06-26 19:20:32+00
125d4307-ff2a-4394-830d-44841857b9c5,d7cf53f5-86b9-41b9-9dae-e470291a9bdf,codequality-service,success,,2026-06-26 19:21:41+00
f079fd48-2afd-40af-b35b-33ec2508d4c3,3c610330-fcc5-46f6-a4c3-01154f0b6ae6,vulnerability-service,success,,2026-05-18 07:17:26+00
b4e7103f-bd6d-4ce4-9a43-e0610c7e92f6,3c610330-fcc5-46f6-a4c3-01154f0b6ae6,codequality-service,success,,2026-05-18 07:17:47+00
66a7aca2-886a-4e97-8229-95b6f9476a3d,7e028908-5ca5-4fd3-95a5-1b5674ca97a7,vulnerability-service,success,,2026-05-28 15:28:33+00
66e5451f-da17-49be-9892-6f1f1c916d57,7e028908-5ca5-4fd3-95a5-1b5674ca97a7,codequality-service,success,,2026-05-28 15:28:30+00
e8d720b7-4c3b-47b5-99ab-883edbde6413,de1ec134-fee8-41e4-9c8c-550c94641a49,vulnerability-service,success,,2026-05-21 07:20:28+00
fdded151-0a9c-4078-bc54-98b26113096f,de1ec134-fee8-41e4-9c8c-550c94641a49,codequality-service,success,,2026-05-21 07:20:04+00
c31f1b39-0d94-4f11-83dd-491c239cbdfa,09cb6090-ea9c-4554-b3bf-344912d05f82,vulnerability-service,success,,2026-06-03 06:07:20+00
ac679062-ab2e-465d-a6b6-289e7870450c,09cb6090-ea9c-4554-b3bf-344912d05f82,codequality-service,success,,2026-06-03 06:06:57+00
0cddf044-e921-4f69-824d-479bff67d841,e7ac83ef-7f3e-4a14-b831-42263d56bd38,codequality-service,success,,2026-06-15 02:45:15+00
b837bebd-84d8-4ccd-92f1-ab7eb1506ea0,73e8ebef-21c0-4702-84eb-18c5ca11f670,vulnerability-service,success,,2026-05-18 14:28:43+00
b93bbb37-3bf5-4960-83e5-1b5adaaf9ffe,73e8ebef-21c0-4702-84eb-18c5ca11f670,codequality-service,success,,2026-05-18 14:29:08+00
4c77f41e-fe56-44ab-bf2c-f183d677ea54,ad40b58a-606d-43e7-b8f5-ddcb84a83484,vulnerability-service,success,,2026-05-27 02:59:04+00
3436f8a8-246d-4d4a-b99f-930c0c9f7b22,ad40b58a-606d-43e7-b8f5-ddcb84a83484,codequality-service,success,,2026-05-27 02:59:41+00
4822c50f-e8a8-4b9f-9832-6994d9152eec,f6743da4-619a-4508-9ff3-806d7f50d698,vulnerability-service,success,,2026-05-19 20:49:08+00
369e61ef-8123-45e6-801d-0536acb0c6f0,f6743da4-619a-4508-9ff3-806d7f50d698,codequality-service,success,,2026-05-19 20:49:26+00
a6e6e7ea-d863-4d9f-a10d-8a1feb6334e9,3cff6a26-bc7e-4607-ae20-a948ee46fa99,vulnerability-service,success,,2026-05-15 03:03:28+00
2598cdca-e9f2-43c2-94c4-d802cf65651e,3cff6a26-bc7e-4607-ae20-a948ee46fa99,codequality-service,success,,2026-05-15 03:03:51+00
209727c8-540a-4a4e-8c56-ff7ccfdced4f,6de719d5-8abe-4499-b09a-90bda7ad86ad,vulnerability-service,success,,2026-05-23 16:14:25+00
1795495b-73c7-4b5e-adea-19d7c4b9c92b,422ad6b7-ffd0-4b4d-8475-3ee180f871b6,vulnerability-service,success,,2026-06-11 09:47:00+00
6bafa9c0-5c47-4f64-8a92-a5ffa9820c17,422ad6b7-ffd0-4b4d-8475-3ee180f871b6,codequality-service,success,,2026-06-11 09:47:52+00
5b01f473-8862-42c8-9873-a210fb71a0b7,0364ba0e-16f8-44c7-8431-7505f8520beb,vulnerability-service,success,,2026-06-19 03:57:44+00
284ed817-d0ef-4138-8d84-268089f3a02a,0364ba0e-16f8-44c7-8431-7505f8520beb,codequality-service,success,,2026-06-19 03:57:46+00
4d650030-5110-4b29-b599-ed383d98b006,6113dfba-3c5f-41eb-b02b-ccd564cef739,vulnerability-service,success,,2026-05-31 10:22:36+00
0b32bc69-2df3-48b4-9478-72b300b96840,6113dfba-3c5f-41eb-b02b-ccd564cef739,codequality-service,success,,2026-05-31 10:23:04+00
bdc3f06f-30bd-4e2e-b862-e91b0031605d,3a71cd5f-7417-47a6-8569-27504a843d01,vulnerability-service,success,,2026-05-29 13:09:00+00
cd323ee8-5408-419b-bb52-fe9458aaf5f0,3a71cd5f-7417-47a6-8569-27504a843d01,codequality-service,success,,2026-05-29 13:08:34+00
f5b9e52a-6a71-4f2a-9f97-db7410b43ffa,30d32169-8a6f-4c77-b944-7998909ef67b,vulnerability-service,success,,2026-06-03 09:14:48+00
bbe97021-e9df-416f-97aa-004d1b6f475e,3bb8cefa-49ac-487c-9c02-40af9d05dc19,vulnerability-service,success,,2026-06-13 02:40:11+00
36d4a489-2b49-451c-953d-bbcd20bb4a50,3bb8cefa-49ac-487c-9c02-40af9d05dc19,codequality-service,success,,2026-06-13 02:40:12+00
539fb618-3353-43cc-aa97-8a8a7cd988c1,97eab75f-2162-49a0-97b5-44ad6e94f428,vulnerability-service,success,,2026-06-14 09:43:48+00
ea32c1d7-ad7d-4c2f-bbf4-f5c27d4f33c6,97eab75f-2162-49a0-97b5-44ad6e94f428,codequality-service,failed,Timeout interno al escanear dependencias,2026-06-14 09:44:22+00
b93f11fe-7a1d-44ce-8710-0d89a98eb90c,703572d1-0bd5-4a22-9f99-bc23e73f45ee,vulnerability-service,success,,2026-06-14 15:21:10+00
d0f10650-f929-4487-b6ff-71b8fa0d38f4,703572d1-0bd5-4a22-9f99-bc23e73f45ee,codequality-service,success,,2026-06-14 15:21:17+00
17a13a65-fc6b-418e-a1a1-e65571ec2468,d79317ac-c94c-4dbe-b233-67e61d778b2e,codequality-service,success,,2026-05-18 23:34:50+00
c26f967d-cbe5-42ac-a90b-814fe449b8f3,71e322f2-7072-46be-bb00-38112c854cc8,vulnerability-service,success,,2026-05-15 09:14:03+00
ee34c92c-9572-47d9-9b26-f4f129978cc5,71e322f2-7072-46be-bb00-38112c854cc8,codequality-service,success,,2026-05-15 09:14:24+00
6bbffa56-9332-4bfe-a06e-2df10edc6253,96547535-0c7d-46e6-878f-52dd9e2c5863,vulnerability-service,success,,2026-05-13 23:09:00+00
e475f77c-0c2b-42fe-ba7c-816535806e4e,96547535-0c7d-46e6-878f-52dd9e2c5863,codequality-service,success,,2026-05-13 23:08:37+00
031ca95c-ae49-46f4-affa-2169bfdcfe97,162d30e3-975a-47bc-b1ab-3cea600dc953,vulnerability-service,success,,2026-06-14 07:57:51+00
d5c4c4de-eb0b-429a-ac50-ec6d27929797,162d30e3-975a-47bc-b1ab-3cea600dc953,codequality-service,success,,2026-06-14 07:56:43+00
1f838040-7031-4622-9db2-1dec695b526a,d35bb594-cf5d-4da1-8cba-1a42c8f6ea9e,vulnerability-service,success,,2026-05-29 01:28:53+00
9f2c7e0f-9f93-4cd4-bcb4-3a566842a938,d35bb594-cf5d-4da1-8cba-1a42c8f6ea9e,codequality-service,success,,2026-05-29 01:29:06+00
197319b9-1b54-4f40-87b3-71daeb1bafc3,c7a1026f-4042-4626-bdf9-59b9454c450e,vulnerability-service,success,,2026-05-15 02:02:01+00
996b7296-af0a-48c2-afbc-53fe724c6aa3,c7a1026f-4042-4626-bdf9-59b9454c450e,codequality-service,success,,2026-05-15 02:02:06+00
d6cf17c4-29bd-4a49-9b9a-25aae3fd0021,7a69ea61-e05a-4508-8e97-19f1195751b5,vulnerability-service,success,,2026-06-10 10:24:35+00
3ab163db-63ba-41d4-b16e-a99f0717f84c,7a69ea61-e05a-4508-8e97-19f1195751b5,codequality-service,success,,2026-06-10 10:25:28+00
74d9df6d-2150-4d28-b52c-a4fb8f12fe36,9fcf8aef-9329-4bac-88fb-79ce2fdb8625,vulnerability-service,success,,2026-05-15 11:08:13+00
56ffa8b1-db3c-48a7-93c1-3e150920741c,9fcf8aef-9329-4bac-88fb-79ce2fdb8625,codequality-service,success,,2026-05-15 11:08:14+00
e7da3f82-14d2-465b-b55d-10056f350bf7,63e7882a-0fb2-4199-8b53-c363f0818d06,vulnerability-service,success,,2026-05-28 18:54:49+00
761ed9cd-b9df-4fab-a93e-aba07ee405ec,63e7882a-0fb2-4199-8b53-c363f0818d06,codequality-service,success,,2026-05-28 18:54:25+00
8db64813-6f77-4d92-99dd-1fbdca9267a1,c72a8b5e-7ec6-4fde-a068-a5c2248353d7,vulnerability-service,success,,2026-06-12 23:20:10+00
fc1b5239-c5f3-498c-9728-e9065691bad1,c72a8b5e-7ec6-4fde-a068-a5c2248353d7,codequality-service,failed,Timeout interno al escanear dependencias,2026-06-12 23:19:47+00
42acf984-0fda-4703-b886-1c427e78675a,dfd947a9-4370-4ec9-af68-8f1821329eff,vulnerability-service,success,,2026-06-03 12:38:51+00
0ed7601f-8ae9-4fda-9478-fe6790623f58,dfd947a9-4370-4ec9-af68-8f1821329eff,codequality-service,success,,2026-06-03 12:38:36+00
001f4553-e662-454e-92a3-df66bfcc9d40,1d511478-32f2-4e78-aa80-d9ba705ce46e,vulnerability-service,success,,2026-06-16 06:54:12+00
c142009f-e535-4bd5-a316-090beb063a27,1d511478-32f2-4e78-aa80-d9ba705ce46e,codequality-service,success,,2026-06-16 06:53:55+00
7950d7e0-9adf-4a14-9167-b64a52d6089f,33a497ff-08c3-4ee8-be6c-310d2940131a,vulnerability-service,success,,2026-05-15 11:18:04+00
8f40e9c1-f4ba-4af6-9688-1772e26fbe00,33a497ff-08c3-4ee8-be6c-310d2940131a,codequality-service,success,,2026-05-15 11:18:31+00
651ebd05-50e7-4f90-834a-6a5ba744e714,0efd5a38-0643-4e4d-bf47-07c500826a0f,vulnerability-service,success,,2026-06-17 11:14:37+00
c688eb57-d082-4b39-ad62-0d2448488c0e,0efd5a38-0643-4e4d-bf47-07c500826a0f,codequality-service,success,,2026-06-17 11:14:25+00
480fe9c6-a766-4c12-9c64-6e43f273f7d5,4a93c21e-b268-42c4-a713-cce5472511cd,vulnerability-service,success,,2026-05-29 17:56:06+00
0fe7190a-09d6-42c6-b22d-5290de656119,4a93c21e-b268-42c4-a713-cce5472511cd,codequality-service,success,,2026-05-29 17:55:56+00
d6db467f-7fdb-4a02-94eb-9ac192077d15,b0d424cf-b790-4daf-821b-aee598cbbbff,vulnerability-service,success,,2026-05-22 01:37:26+00
978315b2-41a1-4e7b-8f7c-0cf4c2f49a71,b0d424cf-b790-4daf-821b-aee598cbbbff,codequality-service,success,,2026-05-22 01:37:17+00
08ccc016-66eb-452c-8726-356c2c6deb5c,2703184a-8faa-4763-b113-84e065fb00d5,vulnerability-service,success,,2026-06-18 03:33:16+00
4d38451b-283d-47fc-8601-5908e20e1c82,2703184a-8faa-4763-b113-84e065fb00d5,codequality-service,success,,2026-06-18 03:32:50+00
4b4a874f-7b4c-477b-b71a-9da5200109bb,a03c2a12-5950-4d36-b91b-1436ff26422a,vulnerability-service,success,,2026-06-25 15:58:16+00
c0cd3701-0540-4352-a9c3-ca0d08f8f3d0,a03c2a12-5950-4d36-b91b-1436ff26422a,codequality-service,success,,2026-06-25 15:57:33+00
13489465-e480-48a9-87c6-47be5b5d80f3,23a0cfc3-d9f2-4b87-8e13-4e160f134613,vulnerability-service,success,,2026-06-13 10:23:07+00
61235f0c-45d5-4ad7-9f96-86d1cf496d4d,23a0cfc3-d9f2-4b87-8e13-4e160f134613,codequality-service,success,,2026-06-13 10:23:31+00
eda7486b-edb1-46f7-8e3e-8ee433f28e4c,fbd5b7ee-e8d7-48cf-801a-553162133de1,vulnerability-service,success,,2026-06-26 20:07:23+00
04345209-5089-4b19-bef5-f0713283dff3,fbd5b7ee-e8d7-48cf-801a-553162133de1,codequality-service,success,,2026-06-26 20:07:58+00
3757f28a-5ea0-4681-bc8c-0a7fc5a69b6b,09efec6f-985c-4b8b-aecf-eeb52e825f5e,vulnerability-service,success,,2026-05-26 02:48:36+00
14390757-3913-4179-b14a-8f94f41e8cd9,09efec6f-985c-4b8b-aecf-eeb52e825f5e,codequality-service,success,,2026-05-26 02:48:58+00
9d09a6fa-701b-49d6-af28-709d84984251,c60444f7-8e61-4c4a-b019-9519035331bd,vulnerability-service,success,,2026-06-14 14:13:54+00
4ad74d45-4de0-4e3c-91c1-40c032e2b2b4,c60444f7-8e61-4c4a-b019-9519035331bd,codequality-service,success,,2026-06-14 14:15:10+00
f93d50e7-9c85-423b-88e8-03a39ae619b4,e1bc06dd-ed38-4d38-9570-dd851683b99f,vulnerability-service,timeout,El analisis excedio el tiempo limite de 300 segundos,2026-05-14 05:50:51+00
b3f93f60-47c0-45cd-bac3-f16d82ad3c5c,e1bc06dd-ed38-4d38-9570-dd851683b99f,codequality-service,success,,2026-05-14 05:51:38+00
c69e9be9-61aa-4269-a032-c85d2b2b4beb,9da42beb-b5c0-4674-affa-475dae2150b9,vulnerability-service,success,,2026-05-14 14:24:14+00
84be9a17-8be8-45e2-8a2a-925d74d684e4,9da42beb-b5c0-4674-affa-475dae2150b9,codequality-service,success,,2026-05-14 14:24:24+00
e859d210-00fb-426a-8805-8fc852d64de1,f8118d90-d96a-4a40-80fb-5ca3fe69c772,vulnerability-service,success,,2026-06-17 13:06:52+00
15f8445b-2fe7-4c18-8982-84fefd2bc4fc,f8118d90-d96a-4a40-80fb-5ca3fe69c772,codequality-service,success,,2026-06-17 13:07:13+00
ab2b14d4-ce22-49cb-993c-912da2d45516,fe7f4235-769d-42d5-94f4-ae39c609216e,vulnerability-service,success,,2026-05-20 03:39:39+00
e8d9782e-89cb-4bc5-aa0a-bf80735ade92,fe7f4235-769d-42d5-94f4-ae39c609216e,codequality-service,success,,2026-05-20 03:40:09+00
4da2c063-d8a7-4402-9efc-237afe1eb001,6b1bcdae-25bb-46f3-88e5-930a2c327513,vulnerability-service,success,,2026-06-12 02:54:18+00
97baff06-ffc7-4bde-a3cb-7e5994474aec,6b1bcdae-25bb-46f3-88e5-930a2c327513,codequality-service,success,,2026-06-12 02:54:09+00
79eb6845-e679-4782-b14d-27cd01d83284,705d0fd4-8d0b-4828-a3d7-ee20e3619295,vulnerability-service,success,,2026-05-22 15:14:12+00
86bb448e-21cb-4fd7-87ec-315a3d9957b7,705d0fd4-8d0b-4828-a3d7-ee20e3619295,codequality-service,success,,2026-05-22 15:13:05+00
f7f591da-ac26-47a2-ae5a-c55120409ec0,21939d15-f00b-4816-8a69-1ead6c834896,vulnerability-service,success,,2026-06-21 06:29:37+00
f9ca1cfe-91f3-4399-9951-beb8a355a421,21939d15-f00b-4816-8a69-1ead6c834896,codequality-service,success,,2026-06-21 06:28:57+00
ee265496-4628-4e0b-8f49-71d25736d2d2,eaf84492-9dbe-4d64-a90b-6abb95c25739,vulnerability-service,success,,2026-06-17 13:46:32+00
6e086d61-ee6c-4d86-a52d-4ec1cee3209c,eaf84492-9dbe-4d64-a90b-6abb95c25739,codequality-service,success,,2026-06-17 13:46:23+00
b621732d-3693-40b5-9233-b74d0d278948,8dcd5868-e8d1-4f2e-ba2a-8cc06b1887b9,vulnerability-service,success,,2026-06-26 15:40:17+00
65ca03f7-addc-4549-bfc6-a856fc645160,8dcd5868-e8d1-4f2e-ba2a-8cc06b1887b9,codequality-service,success,,2026-06-26 15:39:49+00
8195674b-418f-4223-91f0-1795f45d101b,d14b6f8a-c622-4d6a-affc-ed37fb8c26a8,vulnerability-service,success,,2026-06-06 14:09:34+00
dbee0722-2694-497d-a12a-0861f82a465e,d14b6f8a-c622-4d6a-affc-ed37fb8c26a8,codequality-service,success,,2026-06-06 14:09:38+00
